month,year,cover_url
January,2020,https://www.thrashermagazine.com//images/TH0120Cover.jpg
December,2019,https://www.thrashermagazine.com//images/image/Covers_Archive/December_19.jpg
November,2019,https://www.thrashermagazine.com//images/image/Covers_Archive/November_19.jpg
October,2019,https://www.thrashermagazine.com//images/image/Covers_Archive/October_19.jpg
September,2019,https://www.thrashermagazine.com//images/image/Covers_Archive/September_19.jpg
August,2019,https://www.thrashermagazine.com//images/image/Covers_Archive/Aug_19.jpg
July,2019,https://www.thrashermagazine.com//images/image/Covers_Archive/July_19.jpg
June,2019,https://www.thrashermagazine.com//images/image/Covers_Archive/June_19.jpg
May,2019,https://www.thrashermagazine.com//images/image/Covers_Archive/May2019.jpg
April,2019,https://www.thrashermagazine.com//images/image/Covers_Archive/April_19.jpg
March,2019,https://www.thrashermagazine.com//images/image/Covers_Archive/March-19.jpg
February,2019,https://www.thrashermagazine.com//images/image/Covers Section/images/February2019sfw.jpg
January,2019,https://www.thrashermagazine.com//images/image/Covers Section/images/January2019sfw.jpg
December,2018,https://www.thrashermagazine.com//images/image/Covers Section/images/December2018sfw.jpg
November,2018,https://www.thrashermagazine.com//images/image/Covers Section/images/November2018sfw.jpg
October,2018,https://www.thrashermagazine.com//images/image/Covers Section/images/October2018sfw.jpg
September,2018,https://www.thrashermagazine.com//images/image/Covers Section/images/September2018sfw.jpg
August,2018,https://www.thrashermagazine.com//images/image/Covers Section/images/August2018sfw.jpg
July,2018,https://www.thrashermagazine.com//images/image/Covers Section/images/July2018sfw.jpg
June,2018,https://www.thrashermagazine.com//images/image/Covers Section/images/June2018sfw.jpg
May,2018,https://www.thrashermagazine.com//images/image/Covers Section/images/May2018sfw.jpg
April,2018,https://www.thrashermagazine.com//images/image/Covers Section/images/April2018sfw.jpg
March,2018,https://www.thrashermagazine.com//images/image/Covers Section/images/March2018sfw.jpg
February,2018,https://www.thrashermagazine.com//images/image/Covers Section/images/February2018sfw.jpg
January,2018,https://www.thrashermagazine.com//images/image/Covers Section/images/January2018sfw.jpg
December,2017,https://www.thrashermagazine.com//images/image/Covers Section/images/December2017sfw.jpg
November,2017,https://www.thrashermagazine.com//images/image/Covers Section/images/November2017sfw.jpg
October,2017,https://www.thrashermagazine.com//images/image/Covers Section/images/October2017sfw.jpg
September,2017,https://www.thrashermagazine.com//images/image/Covers Section/images/September2017sfw.jpg
August,2017,https://www.thrashermagazine.com//images/image/Covers Section/images/August2017sfw.jpg
July,2017,https://www.thrashermagazine.com//images/image/Covers Section/images/July2017sfw.jpg
June,2017,https://www.thrashermagazine.com//images/image/Covers Section/images/June2017sfw.jpg
May,2017,https://www.thrashermagazine.com//images/image/Covers Section/images/May2017sfw.jpg
April,2017,https://www.thrashermagazine.com//images/image/Covers Section/images/April2017sfw.jpg
March,2017,https://www.thrashermagazine.com//images/image/Covers Section/images/March2017sfw.jpg
February,2017,https://www.thrashermagazine.com//images/image/Covers Section/images/February2017sfw.jpg
January,2017,https://www.thrashermagazine.com//images/image/Covers Section/images/January2017Kylesfw.jpg
January,2017,https://www.thrashermagazine.com//images/image/Covers Section/images/January2017Dylansfw.jpg
December,2016,https://www.thrashermagazine.com//images/image/Covers Section/images/December2016sfw.jpg
November,2016,https://www.thrashermagazine.com//images/image/Covers Section/images/November2016sfw.jpg
October,2016,https://www.thrashermagazine.com//images/image/Covers Section/images/October2016sfw.jpg
September,2016,https://www.thrashermagazine.com//images/image/Covers Section/images/September2016.jpg
August,2016,https://www.thrashermagazine.com//images/image/Covers Section/images/August2016sfw.jpg
July,2016,https://www.thrashermagazine.com//images/image/Covers Section/images/July2016sfw.jpg
June,2016,https://www.thrashermagazine.com//images/image/Covers Section/images/June2016sfw.jpg
May,2016,https://www.thrashermagazine.com//images/image/Covers Section/images/May2016sfw.jpg
April,2016,https://www.thrashermagazine.com//images/image/Covers Section/images/April2016sfw.jpg
March,2016,https://www.thrashermagazine.com//images/image/Covers Section/images/March2016sfw.jpg
February,2016,https://www.thrashermagazine.com//images/image/Covers Section/images/February2016sfw.jpg
January,2016,https://www.thrashermagazine.com//images/image/Covers Section/images/January2016sfw.jpg
December,2015,https://www.thrashermagazine.com//images/image/Covers Section/images/December2015sfw.jpg
November,2015,https://www.thrashermagazine.com//images/image/Covers Section/images/November2015sfw.jpg
October,2015,https://www.thrashermagazine.com//images/image/Covers Section/images/October2015sfw.jpg
September,2015,https://www.thrashermagazine.com//images/image/Covers Section/images/September2015Ravensfw.jpg
September,2015,https://www.thrashermagazine.com//images/image/Covers Section/images/September2015Figgysfw.jpg
August,2015,https://www.thrashermagazine.com//images/image/Covers Section/images/August2015sfw.jpg
July,2015,https://www.thrashermagazine.com//images/image/Covers Section/images/July2015sfw.jpg
June,2015,https://www.thrashermagazine.com//images/image/Covers Section/images/June_15.jpg
May,2015,https://www.thrashermagazine.com//images/image/Covers Section/images/May2015sfw.jpg
April,2015,https://www.thrashermagazine.com//images/image/Covers Section/images/April2015sfw.jpg
March,2015,https://www.thrashermagazine.com//images/image/Covers Section/images/March2015sfw.jpg
February,2015,https://www.thrashermagazine.com//images/image/Covers Section/images/February2015sfw.jpg
January,2015,https://www.thrashermagazine.com//images/image/Covers Section/images/January2015Westgatesfw.jpg
January,2015,https://www.thrashermagazine.com//images/image/Covers Section/images/January2015Carpentersfw.jpg
January,2015,https://www.thrashermagazine.com//images/image/Covers Section/images/January2015Pudwillsfw.jpg
January,2015,https://www.thrashermagazine.com//images/image/Covers Section/images/January2015Ishodsfw.jpg
December,2014,https://www.thrashermagazine.com//images/image/Covers Section/images/December2014sfw.jpg
November,2014,https://www.thrashermagazine.com//images/image/Covers Section/images/November2014sfw.jpg
October,2014,https://www.thrashermagazine.com//images/image/Covers Section/images/October2014sfw.jpg
September,2014,https://www.thrashermagazine.com//images/image/Covers Section/images/September2014.jpg
August,2014,https://www.thrashermagazine.com//images/image/Covers Section/images/August2014sfw.jpg
July,2014,https://www.thrashermagazine.com//images/image/Covers Section/images/July2014sfw.jpg
June,2014,https://www.thrashermagazine.com//images/image/Covers Section/images/June2014sfw.jpg
May,2014,https://www.thrashermagazine.com//images/image/Covers Section/images/May2014sfw.jpg
April,2014,https://www.thrashermagazine.com//images/image/Covers Section/images/April2014sfw.jpg
March,2014,https://www.thrashermagazine.com//images/image/Covers Section/images/March2014sfw.jpg
February,2014,https://www.thrashermagazine.com//images/image/Covers Section/images/February2014sfw.jpg
January,2014,https://www.thrashermagazine.com//images/image/Covers Section/images/January2014sfw.jpg
December,2013,https://www.thrashermagazine.com//images/image/Covers Section/images/December2013sfw.jpg
November,2013,https://www.thrashermagazine.com//images/image/Covers Section/images/November2013sfw.jpg
October,2013,https://www.thrashermagazine.com//images/image/Covers Section/images/October2013sfw.jpg
September,2013,https://www.thrashermagazine.com//images/image/Covers Section/images/September2013sfw.jpg
August,2013,https://www.thrashermagazine.com//images/image/Covers Section/images/August2013sfw.jpg
July,2013,https://www.thrashermagazine.com//images/image/Covers Section/images/July2013sfw.jpg
June,2013,https://www.thrashermagazine.com//images/image/Covers Section/images/June2013sfw.jpg
May,2013,https://www.thrashermagazine.com//images/image/Covers Section/images/May2013sfw.jpg
April,2013,https://www.thrashermagazine.com//images/image/Covers Section/images/April2013sfw.jpg
March,2013,https://www.thrashermagazine.com//images/image/Covers Section/images/March2013sfw.jpg
February,2013,https://www.thrashermagazine.com//images/image/Covers Section/images/February2013sfw.jpg
January,2013,https://www.thrashermagazine.com//images/image/Covers Section/images/January2013Alvarezsfw.jpg
January,2013,https://www.thrashermagazine.com//images/image/Covers Section/images/January2013Perezsfw.jpg
January,2013,https://www.thrashermagazine.com//images/image/Covers Section/images/January201sfw.jpg
January,2013,https://www.thrashermagazine.com//images/image/Covers Section/images/January2013Berlesfw.jpg
January,2013,https://www.thrashermagazine.com//images/image/Covers Section/images/January201Kennedysfw.jpg
December,2012,https://www.thrashermagazine.com//images/image/Covers Section/images/December2012sfw.jpg
November,2012,https://www.thrashermagazine.com//images/image/Covers Section/images/November2012sfw.jpg
October,2012,https://www.thrashermagazine.com//images/image/Covers Section/images/October2012sfw.jpg
September,2012,https://www.thrashermagazine.com//images/image/Covers Section/images/September2012sfw.jpg
August,2012,https://www.thrashermagazine.com//images/image/Covers Section/images/August2012sfw.jpg
July,2012,https://www.thrashermagazine.com//images/image/Covers Section/images/July2012sfw.jpg
June,2012,https://www.thrashermagazine.com//images/image/Covers Section/images/June2012Musicsfw.jpg
June,2012,https://www.thrashermagazine.com//images/image/Covers Section/images/June2012sfw.jpg
May,2012,https://www.thrashermagazine.com//images/image/Covers Section/images/May2012.jpg
April,2012,https://www.thrashermagazine.com//images/image/Covers Section/images/April2012sfw.jpg
March,2012,https://www.thrashermagazine.com//images/image/Covers Section/images/March2012sfw.jpg
February,2012,https://www.thrashermagazine.com//images/image/Covers Section/images/February2012sfw.jpg
January,2012,https://www.thrashermagazine.com//images/image/Covers Section/images/January2012sfw.jpg
December,2011,https://www.thrashermagazine.com//images/image/Covers Section/images/December2011sfw.jpg
November,2011,https://www.thrashermagazine.com//images/image/Covers Section/images/November2011sfw.jpg
October,2011,https://www.thrashermagazine.com//images/image/Covers Section/images/October2011sfw.jpg
September,2011,https://www.thrashermagazine.com//images/image/Covers Section/images/September2011sfw.jpg
August,2011,https://www.thrashermagazine.com//images/image/Covers Section/images/August2011sfw.jpg
July,2011,https://www.thrashermagazine.com//images/image/Covers Section/images/July2011sfw.jpg
June,2011,https://www.thrashermagazine.com//images/image/Covers Section/images/June2011sfw.jpg
May,2011,https://www.thrashermagazine.com//images/image/Covers Section/images/TH0511Cover.jpg
April,2011,https://www.thrashermagazine.com//images/image/Covers Section/images/April2011sfw.jpg
March,2011,https://www.thrashermagazine.com//images/image/Covers Section/images/March2011sfw.jpg
February,2011,https://www.thrashermagazine.com//images/image/Covers Section/images/February.jpg
January,2011,https://www.thrashermagazine.com//images/image/Covers Section/images/January2011sfw.jpg
December,2010,https://www.thrashermagazine.com//images/image/Covers Section/images/December2010sfw.jpg
November,2010,https://www.thrashermagazine.com//images/image/Covers Section/images/November2010sfw.jpg
October,2010,https://www.thrashermagazine.com//images/image/Covers Section/images/October2010sfw.jpg
September,2010,https://www.thrashermagazine.com//images/image/Covers Section/images/september2010sfw.jpg
August,2010,https://www.thrashermagazine.com//images/image/Covers Section/images/August2010sfw.jpg
July,2010,https://www.thrashermagazine.com//images/image/Covers Section/images/July2010sfw.jpg
June,2010,https://www.thrashermagazine.com//images/image/Covers Section/images/June2010sfw.jpg
May,2010,https://www.thrashermagazine.com//images/image/Covers Section/images/May2010sfw.jpg
April,2010,https://www.thrashermagazine.com//images/image/Covers Section/images/April2010sfw.jpg
March,2010,https://www.thrashermagazine.com//images/image/Covers Section/images/March2010sfw.jpg
February,2010,https://www.thrashermagazine.com//images/image/Covers Section/images/February2010sfw.jpg
January,2010,https://www.thrashermagazine.com//images/image/Covers Section/images/January2010sfw.jpg
December,2009,https://www.thrashermagazine.com//images/image/Covers Section/images/Thirteen2009sfw.jpg
December,2009,https://www.thrashermagazine.com//images/image/Covers Section/images/December2009sfw.jpg
November,2009,https://www.thrashermagazine.com//images/image/Covers Section/images/November2009sfw.jpg
October,2009,https://www.thrashermagazine.com//images/image/Covers Section/images/October2009sfw.jpg
September,2009,https://www.thrashermagazine.com//images/image/Covers Section/images/September2009sfw.jpg
August,2009,https://www.thrashermagazine.com//images/image/Covers Section/images/August2009sfw.jpg
July,2009,https://www.thrashermagazine.com//images/image/Covers Section/images/July2009sfw.jpg
June,2009,https://www.thrashermagazine.com//images/image/Covers Section/images/June2009sfw.jpg
May,2009,https://www.thrashermagazine.com//images/image/Covers Section/images/May2009sfw.jpg
April,2009,https://www.thrashermagazine.com//images/image/Covers Section/images/April2009sfw.jpg
March,2009,https://www.thrashermagazine.com//images/image/Covers Section/images/March2009sfw.jpg
February,2009,https://www.thrashermagazine.com//images/image/Covers Section/images/February2009sfw.jpg
January,2009,https://www.thrashermagazine.com//images/image/Covers Section/images/January2009sfw.jpg
December,2008,https://www.thrashermagazine.com//images/image/Covers Section/images/Thirteen2008sfw.jpg
December,2008,https://www.thrashermagazine.com//images/image/Covers Section/images/December2008sfw.jpg
November,2008,https://www.thrashermagazine.com//images/image/Covers Section/images/November2008.jpg
October,2008,https://www.thrashermagazine.com//images/image/Covers Section/images/October2008sfw.jpg
September,2008,https://www.thrashermagazine.com//images/image/Covers Section/images/September2008sfw.jpg
August,2008,https://www.thrashermagazine.com//images/image/Covers Section/images/August2008sfw.jpg
July,2008,https://www.thrashermagazine.com//images/image/Covers Section/images/July2008sfw.jpg
June,2008,https://www.thrashermagazine.com//images/image/Covers Section/images/June2008sfw.jpg
May,2008,https://www.thrashermagazine.com//images/image/Covers Section/images/May2008sfw.jpg
April,2008,https://www.thrashermagazine.com//images/image/Covers Section/images/April2008sfw.jpg
March,2008,https://www.thrashermagazine.com//images/image/Covers Section/images/March2008sfw.jpg
February,2008,https://www.thrashermagazine.com//images/image/Covers Section/images/February2008sfw.jpg
January,2008,https://www.thrashermagazine.com//images/image/Covers Section/images/Januar2008sfw.jpg
December,2007,https://www.thrashermagazine.com//images/image/Covers Section/images/Thirteen2007.jpg
December,2007,https://www.thrashermagazine.com//images/image/Covers Section/images/December2007.jpg
November,2007,https://www.thrashermagazine.com//images/image/Covers Section/images/November2007.jpg
October,2007,https://www.thrashermagazine.com//images/image/Covers Section/images/October2007.jpg
September,2007,https://www.thrashermagazine.com//images/TH0907CoverSM.jpg
August,2007,https://www.thrashermagazine.com//images/image/Covers Section/images/August2007.jpg
July,2007,https://www.thrashermagazine.com//images/image/Covers Section/images/July2007.jpg
June,2007,https://www.thrashermagazine.com//images/TH0607CoverSM.jpg
May,2007,https://www.thrashermagazine.com//images/image/Covers Section/images/May2007.jpg
April,2007,https://www.thrashermagazine.com//images/image/Covers Section/images/April2007.jpg
March,2007,https://www.thrashermagazine.com//images/image/Covers Section/images/March2007.jpg
February,2007,https://www.thrashermagazine.com//images/image/Covers Section/images/February2007.jpg
January,2007,https://www.thrashermagazine.com//images/image/Covers Section/images/January2007.jpg
December,2006,https://www.thrashermagazine.com//images/image/Covers Section/images/Thirteen2006.jpg
December,2006,https://www.thrashermagazine.com//images/image/Covers Section/images/December2006.jpg
November,2006,https://www.thrashermagazine.com//images/image/Covers Section/images/November2006.jpg
October,2006,https://www.thrashermagazine.com//images/image/Covers Section/images/October2006.jpg
September,2006,https://www.thrashermagazine.com//images/image/Covers Section/images/September2006.jpg
August,2006,https://www.thrashermagazine.com//images/image/Covers Section/images/August2006.jpg
July,2006,https://www.thrashermagazine.com//images/image/Covers Section/images/July2006.jpg
June,2006,https://www.thrashermagazine.com//images/image/Covers Section/images/June2006.jpg
May,2006,https://www.thrashermagazine.com//images/image/Covers Section/images/May2006.jpg
April,2006,https://www.thrashermagazine.com//images/image/Covers Section/images/April2006.jpg
March,2006,https://www.thrashermagazine.com//images/image/Covers Section/images/March2006.jpg
February,2006,https://www.thrashermagazine.com//images/image/Covers Section/images/February2006.jpg
January,2006,https://www.thrashermagazine.com//images/image/Covers Section/images/January2006.jpg
December,2005,https://www.thrashermagazine.com//images/image/Covers Section/images/Thirteen2005.jpg
December,2005,https://www.thrashermagazine.com//images/image/Covers Section/images/December2005.jpg
November,2005,https://www.thrashermagazine.com//images/image/Covers Section/images/November2005.jpg
October,2005,https://www.thrashermagazine.com//images/image/Covers Section/images/October2005.jpg
September,2005,https://www.thrashermagazine.com//images/image/Covers Section/images/September2005.jpg
August,2005,https://www.thrashermagazine.com//images/image/Covers Section/images/August2005.jpg
July,2005,https://www.thrashermagazine.com//images/image/Covers Section/images/July2005.jpg
June,2005,https://www.thrashermagazine.com//images/image/Covers Section/images/June2005.jpg
May,2005,https://www.thrashermagazine.com//images/image/Covers Section/images/May2005.jpg
April,2005,https://www.thrashermagazine.com//images/image/Covers Section/images/April2005.jpg
March,2005,https://www.thrashermagazine.com//images/image/Covers Section/images/March2005.jpg
February,2005,https://www.thrashermagazine.com//images/image/Covers Section/images/February2005.jpg
January,2005,https://www.thrashermagazine.com//images/image/Covers Section/images/January2005.jpg
December,2004,https://www.thrashermagazine.com//images/image/Covers Section/images/Thirteen2004.jpg
December,2004,https://www.thrashermagazine.com//images/image/Covers Section/images/December2004.jpg
November,2004,https://www.thrashermagazine.com//images/image/Covers Section/images/November2004.jpg
October,2004,https://www.thrashermagazine.com//images/image/Covers Section/images/October2004.jpg
September,2004,https://www.thrashermagazine.com//images/image/Covers Section/images/September2004.jpg
August,2004,https://www.thrashermagazine.com//images/image/Covers Section/images/August2004.jpg
July,2004,https://www.thrashermagazine.com//images/image/Covers Section/images/July2004.jpg
June,2004,https://www.thrashermagazine.com//images/image/Covers Section/images/June2004.jpg
May,2004,https://www.thrashermagazine.com//images/image/Covers Section/images/May2004.jpg
April,2004,https://www.thrashermagazine.com//images/image/Covers Section/images/April2004.jpg
March,2004,https://www.thrashermagazine.com//images/image/Covers Section/images/March2004.jpg
February,2004,https://www.thrashermagazine.com//images/image/Covers Section/images/February2004.jpg
January,2004,https://www.thrashermagazine.com//images/image/Covers Section/images/January2004.jpg
December,2003,https://www.thrashermagazine.com//images/image/Covers Section/images/Thirteen2003.jpg
December,2003,https://www.thrashermagazine.com//images/image/Covers Section/images/December2003.jpg
November,2003,https://www.thrashermagazine.com//images/image/Covers Section/images/November2003.jpg
October,2003,https://www.thrashermagazine.com//images/image/Covers Section/images/October2003.jpg
September,2003,https://www.thrashermagazine.com//images/image/Covers Section/images/September2003.jpg
August,2003,https://www.thrashermagazine.com//images/image/Covers Section/images/April2003.jpg
July,2003,https://www.thrashermagazine.com//images/image/Covers Section/images/July2003.jpg
June,2003,https://www.thrashermagazine.com//images/image/Covers Section/images/June2003.jpg
May,2003,https://www.thrashermagazine.com//images/image/Covers Section/images/May2003.jpg
April,2003,https://www.thrashermagazine.com//images/image/Covers Section/images/April2003.jpg
March,2003,https://www.thrashermagazine.com//images/image/Covers Section/images/March2003.jpg
February,2003,https://www.thrashermagazine.com//images/image/Covers Section/images/February2003.jpg
January,2003,https://www.thrashermagazine.com//images/image/Covers Section/images/January2003sfw.jpg
December,2002,https://www.thrashermagazine.com//images/image/Covers Section/images/Thirteen2002.jpg
December,2002,https://www.thrashermagazine.com//images/image/Covers Section/images/December2002.jpg
November,2002,https://www.thrashermagazine.com//images/image/Covers Section/images/November2002.jpg
October,2002,https://www.thrashermagazine.com//images/image/Covers Section/images/October2002.jpg
September,2002,https://www.thrashermagazine.com//images/image/Covers Section/images/September2002.jpg
August,2002,https://www.thrashermagazine.com//images/image/Covers Section/images/August2002.jpg
July,2002,https://www.thrashermagazine.com//images/image/Covers Section/images/July2002.jpg
June,2002,https://www.thrashermagazine.com//images/image/Covers Section/images/June2002.jpg
May,2002,https://www.thrashermagazine.com//images/image/Covers Section/images/May2002.jpg
April,2002,https://www.thrashermagazine.com//images/image/Covers Section/images/April2002.jpg
March,2002,https://www.thrashermagazine.com//images/image/Covers Section/images/March2002.jpg
February,2002,https://www.thrashermagazine.com//images/image/Covers Section/images/February2002.jpg
January,2002,https://www.thrashermagazine.com//images/image/Covers Section/images/January2002.jpg
December,2001,https://www.thrashermagazine.com//images/image/Covers Section/images/December2001.jpg
November,2001,https://www.thrashermagazine.com//images/image/Covers Section/images/November20011.jpg
November,2001,https://www.thrashermagazine.com//images/image/Covers Section/images/November20012.jpg
October,2001,https://www.thrashermagazine.com//images/image/Covers Section/images/October2001.jpg
September,2001,https://www.thrashermagazine.com//images/image/Covers Section/images/September2001.jpg
August,2001,https://www.thrashermagazine.com//images/image/Covers Section/images/August2001.jpg
July,2001,https://www.thrashermagazine.com//images/image/Covers Section/images/July2001.jpg
June,2001,https://www.thrashermagazine.com//images/image/Covers Section/images/June2001.jpg
May,2001,https://www.thrashermagazine.com//images/image/Covers Section/images/May2001.jpg
April,2001,https://www.thrashermagazine.com//images/image/Covers Section/images/April2001.jpg
March,2001,https://www.thrashermagazine.com//images/image/Covers Section/images/March2001.jpg
February,2001,https://www.thrashermagazine.com//images/image/Covers Section/images/February2001.jpg
January,2001,https://www.thrashermagazine.com//images/image/Covers Section/images/January2001.jpg
December,2000,https://www.thrashermagazine.com//images/image/Covers Section/images/December2000.jpg
November,2000,https://www.thrashermagazine.com//images/image/Covers Section/images/November2000.jpg
October,2000,https://www.thrashermagazine.com//images/image/Covers Section/images/October2000.jpg
September,2000,https://www.thrashermagazine.com//images/image/Covers Section/images/September2000.jpg
August,2000,https://www.thrashermagazine.com//images/image/Covers Section/images/August2000.jpg
July,2000,https://www.thrashermagazine.com//images/image/Covers Section/images/July2000.jpg
June,2000,https://www.thrashermagazine.com//images/image/Covers Section/images/June2000.jpg
May,2000,https://www.thrashermagazine.com//images/image/Covers Section/images/May2000.jpg
April,2000,https://www.thrashermagazine.com//images/image/Covers Section/images/April2000.jpg
March,2000,https://www.thrashermagazine.com//images/image/Covers Section/images/March2000.jpg
February,2000,https://www.thrashermagazine.com//images/image/Covers Section/images/February2000.jpg
January,2000,https://www.thrashermagazine.com//images/image/Covers Section/images/January2000.jpg
December,1999,https://www.thrashermagazine.com//images/image/Covers Section/images/December1999.jpg
November,1999,https://www.thrashermagazine.com//images/image/Covers Section/images/November1999.jpg
October,1999,https://www.thrashermagazine.com//images/image/Covers Section/images/October1999.jpg
September,1999,https://www.thrashermagazine.com//images/image/Covers Section/images/September1999.jpg
August,1999,https://www.thrashermagazine.com//images/image/Covers Section/images/August1999.jpg
July,1999,https://www.thrashermagazine.com//images/image/Covers Section/images/July1999.jpg
June,1999,https://www.thrashermagazine.com//images/image/Covers Section/images/June1999.jpg
May,1999,https://www.thrashermagazine.com//images/image/Covers Section/images/May1999.jpg
April,1999,https://www.thrashermagazine.com//images/image/Covers Section/images/April1999.jpg
March,1999,https://www.thrashermagazine.com//images/image/Covers Section/images/March1999.jpg
February,1999,https://www.thrashermagazine.com//images/image/Covers Section/images/February1999.jpg
January,1999,https://www.thrashermagazine.com//images/image/Covers Section/images/January1999.jpg
December,1998,https://www.thrashermagazine.com//images/image/Covers Section/images/December1998.jpg
November,1998,https://www.thrashermagazine.com//images/image/Covers Section/images/November1998.jpg
October,1998,https://www.thrashermagazine.com//images/image/Covers Section/images/October1998.jpg
September,1998,https://www.thrashermagazine.com//images/image/Covers Section/images/September1998.jpg
August,1998,https://www.thrashermagazine.com//images/image/Covers Section/images/August1998.jpg
July,1998,https://www.thrashermagazine.com//images/image/Covers Section/images/July1998.jpg
June,1998,https://www.thrashermagazine.com//images/image/Covers Section/images/June1998.jpg
May,1998,https://www.thrashermagazine.com//images/image/Covers Section/images/May1998.jpg
April,1998,https://www.thrashermagazine.com//images/image/Covers Section/images/April1998.jpg
March,1998,https://www.thrashermagazine.com//images/image/Covers Section/images/March1998.jpg
February,1998,https://www.thrashermagazine.com//images/image/Covers Section/images/February1998.jpg
January,1998,https://www.thrashermagazine.com//images/image/Covers Section/images/January1998.jpg
December,1997,https://www.thrashermagazine.com//images/image/Covers Section/images/December1997.jpg
November,1997,https://www.thrashermagazine.com//images/image/Covers Section/images/November1997.jpg
October,1997,https://www.thrashermagazine.com//images/image/Covers Section/images/October1997.jpg
September,1997,https://www.thrashermagazine.com//images/image/Covers Section/images/September1997.jpg
August,1997,https://www.thrashermagazine.com//images/image/Covers Section/images/August1997.jpg
July,1997,https://www.thrashermagazine.com//images/image/Covers Section/images/July1997.jpg
June,1997,https://www.thrashermagazine.com//images/image/Covers Section/images/June1997.jpg
May,1997,https://www.thrashermagazine.com//images/image/Covers Section/images/May1997.jpg
April,1997,https://www.thrashermagazine.com//images/image/Covers Section/images/April1997.jpg
March,1997,https://www.thrashermagazine.com//images/image/Covers Section/images/March1997.jpg
February,1997,https://www.thrashermagazine.com//images/image/Covers Section/images/February1997.jpg
January,1997,https://www.thrashermagazine.com//images/image/Covers Section/images/January1997.jpg
December,1996,https://www.thrashermagazine.com//images/image/Covers Section/images/December1996.jpg
November,1996,https://www.thrashermagazine.com//images/image/Covers Section/images/November1996.jpg
October,1996,https://www.thrashermagazine.com//images/image/Covers Section/images/October1996.jpg
September,1996,https://www.thrashermagazine.com//images/image/Covers Section/images/September1996.jpg
August,1996,https://www.thrashermagazine.com//images/image/Covers Section/images/August1996.jpg
July,1996,https://www.thrashermagazine.com//images/image/Covers Section/images/July1996.jpg
June,1996,https://www.thrashermagazine.com//images/image/Covers Section/images/June1996.jpg
May,1996,https://www.thrashermagazine.com//images/image/Covers Section/images/May1996.jpg
April,1996,https://www.thrashermagazine.com//images/image/Covers Section/images/April1996.jpg
March,1996,https://www.thrashermagazine.com//images/image/Covers Section/images/March1996.jpg
February,1996,https://www.thrashermagazine.com//images/image/Covers Section/images/February1996.jpg
January,1996,https://www.thrashermagazine.com//images/image/Covers Section/images/January1996.jpg
December,1995,https://www.thrashermagazine.com//images/image/Covers Section/images/December1995.jpg
November,1995,https://www.thrashermagazine.com//images/image/Covers Section/images/November1995.jpg
October,1995,https://www.thrashermagazine.com//images/image/Covers Section/images/October1995.jpg
September,1995,https://www.thrashermagazine.com//images/image/Covers Section/images/September1995.jpg
August,1995,https://www.thrashermagazine.com//images/image/Covers Section/images/August1995.jpg
July,1995,https://www.thrashermagazine.com//images/image/Covers Section/images/July1995.jpg
June,1995,https://www.thrashermagazine.com//images/image/Covers Section/images/June1995.jpg
May,1995,https://www.thrashermagazine.com//images/image/Covers Section/images/May1995.jpg
April,1995,https://www.thrashermagazine.com//images/image/Covers Section/images/April1995.jpg
March,1995,https://www.thrashermagazine.com//images/image/Covers Section/images/March1995.jpg
February,1995,https://www.thrashermagazine.com//images/image/Covers Section/images/February1995.jpg
January,1995,https://www.thrashermagazine.com//images/image/Covers Section/images/January1995.jpg
December,1994,https://www.thrashermagazine.com//images/image/Covers Section/images/December1994.jpg
November,1994,https://www.thrashermagazine.com//images/image/Covers Section/images/November1994.jpg
October,1994,https://www.thrashermagazine.com//images/image/Covers Section/images/October1994.jpg
September,1994,https://www.thrashermagazine.com//images/image/Covers Section/images/September1994.jpg
August,1994,https://www.thrashermagazine.com//images/image/Covers Section/images/August1994.jpg
July,1994,https://www.thrashermagazine.com//images/image/Covers Section/images/July1994.jpg
June,1994,https://www.thrashermagazine.com//images/image/Covers Section/images/June1994.jpg
May,1994,https://www.thrashermagazine.com//images/image/Covers Section/images/May1994.jpg
April,1994,https://www.thrashermagazine.com//images/image/Covers Section/images/April1994.jpg
March,1994,https://www.thrashermagazine.com//images/image/Covers Section/images/March1994.jpg
February,1994,https://www.thrashermagazine.com//images/image/Covers Section/images/February1994.jpg
January,1994,https://www.thrashermagazine.com//images/image/Covers Section/images/January1994.jpg
December,1993,https://www.thrashermagazine.com//images/image/Covers Section/images/December1993.jpg
November,1993,https://www.thrashermagazine.com//images/image/Covers Section/images/November1993.jpg
October,1993,https://www.thrashermagazine.com//images/image/Covers Section/images/October1993.jpg
September,1993,https://www.thrashermagazine.com//images/image/Covers Section/images/September1993.jpg
August,1993,https://www.thrashermagazine.com//images/image/Covers Section/images/August1993.jpg
July,1993,https://www.thrashermagazine.com//images/image/Covers Section/images/July1993.jpg
June,1993,https://www.thrashermagazine.com//images/image/Covers Section/images/June1993.jpg
May,1993,https://www.thrashermagazine.com//images/image/Covers Section/images/May1993.jpg
April,1993,https://www.thrashermagazine.com//images/image/Covers Section/images/April1993.jpg
March,1993,https://www.thrashermagazine.com//images/image/Covers Section/images/March199.jpg
February,1993,https://www.thrashermagazine.com//images/image/Covers Section/images/February1993.jpg
January,1993,https://www.thrashermagazine.com//images/image/Covers Section/images/January1993.jpg
December,1992,https://www.thrashermagazine.com//images/image/Covers Section/images/December1992.jpg
November,1992,https://www.thrashermagazine.com//images/image/Covers Section/images/November1992.jpg
October,1992,https://www.thrashermagazine.com//images/image/Covers Section/images/October1992.jpg
September,1992,https://www.thrashermagazine.com//images/image/Covers Section/images/September1992.jpg
August,1992,https://www.thrashermagazine.com//images/image/Covers Section/images/August1992.jpg
July,1992,https://www.thrashermagazine.com//images/image/Covers Section/images/July1992.jpg
June,1992,https://www.thrashermagazine.com//images/image/Covers Section/images/June1992.jpg
May,1992,https://www.thrashermagazine.com//images/image/Covers Section/images/May1992.jpg
April,1992,https://www.thrashermagazine.com//images/image/Covers Section/images/April1992.jpg
March,1992,https://www.thrashermagazine.com//images/image/Covers Section/images/March1992.jpg
February,1992,https://www.thrashermagazine.com//images/image/Covers Section/images/February1992.jpg
January,1992,https://www.thrashermagazine.com//images/image/Covers Section/images/January1992.jpg
December,1991,https://www.thrashermagazine.com//images/image/Covers Section/images/December1991.jpg
November,1991,https://www.thrashermagazine.com//images/image/Covers Section/images/November1991.jpg
October,1991,https://www.thrashermagazine.com//images/image/Covers Section/images/October1991.jpg
September,1991,https://www.thrashermagazine.com//images/image/Covers Section/images/September1991.jpg
August,1991,https://www.thrashermagazine.com//images/image/Covers Section/images/August1991.jpg
July,1991,https://www.thrashermagazine.com//images/image/Covers Section/images/July1991.jpg
June,1991,https://www.thrashermagazine.com//images/image/Covers Section/images/June1991.jpg
May,1991,https://www.thrashermagazine.com//images/image/Covers Section/images/May1991.jpg
April,1991,https://www.thrashermagazine.com//images/image/Covers Section/images/April1991.jpg
March,1991,https://www.thrashermagazine.com//images/image/Covers Section/images/March1991.jpg
February,1991,https://www.thrashermagazine.com//images/image/Covers Section/images/February1991.jpg
January,1991,https://www.thrashermagazine.com//images/image/Covers Section/images/January1991.jpg
December,1990,https://www.thrashermagazine.com//images/image/Covers Section/images/December1990.jpg
November,1990,https://www.thrashermagazine.com//images/image/Covers Section/images/November1990.jpg
October,1990,https://www.thrashermagazine.com//images/image/Covers Section/images/October1990.jpg
September,1990,https://www.thrashermagazine.com//images/image/Covers Section/images/September1990.jpg
August,1990,https://www.thrashermagazine.com//images/image/Covers Section/images/August1990.jpg
July,1990,https://www.thrashermagazine.com//images/image/Covers Section/images/July1990.jpg
June,1990,https://www.thrashermagazine.com//images/image/Covers Section/images/June1990.jpg
May,1990,https://www.thrashermagazine.com//images/image/Covers Section/images/May1990.jpg
April,1990,https://www.thrashermagazine.com//images/image/Covers Section/images/April1990.jpg
March,1990,https://www.thrashermagazine.com//images/image/Covers Section/images/March1990.jpg
February,1990,https://www.thrashermagazine.com//images/image/Covers Section/images/February1990.jpg
January,1990,https://www.thrashermagazine.com//images/image/Covers Section/images/January1990.jpg
December,1989,https://www.thrashermagazine.com//images/image/Covers Section/images/December1989.jpg
November,1989,https://www.thrashermagazine.com//images/image/Covers Section/images/November1989.jpg
October,1989,https://www.thrashermagazine.com//images/image/Covers Section/images/October1989.jpg
September,1989,https://www.thrashermagazine.com//images/image/Covers Section/images/September1989.jpg
August,1989,https://www.thrashermagazine.com//images/image/Covers Section/images/August1989.jpg
July,1989,https://www.thrashermagazine.com//images/image/Covers Section/images/July1989.jpg
June,1989,https://www.thrashermagazine.com//images/image/Covers Section/images/June1989.jpg
May,1989,https://www.thrashermagazine.com//images/image/Covers Section/images/May1989.jpg
April,1989,https://www.thrashermagazine.com//images/image/Covers Section/images/April1989.jpg
March,1989,https://www.thrashermagazine.com//images/image/Covers Section/images/March1989.jpg
February,1989,https://www.thrashermagazine.com//images/image/Covers Section/images/February1989.jpg
January,1989,https://www.thrashermagazine.com//images/image/Covers Section/images/January1989.jpg
December,1988,https://www.thrashermagazine.com//images/image/Covers Section/images/Winter1988.jpg
December,1988,https://www.thrashermagazine.com//images/image/Covers Section/images/December1988.jpg
November,1988,https://www.thrashermagazine.com//images/image/Covers Section/images/November1988.jpg
October,1988,https://www.thrashermagazine.com//images/image/Covers Section/images/October1988.jpg
September,1988,https://www.thrashermagazine.com//images/image/Covers Section/images/September1988.jpg
August,1988,https://www.thrashermagazine.com//images/image/Covers Section/images/August1988.jpg
July,1988,https://www.thrashermagazine.com//images/image/Covers Section/images/July1988.jpg
June,1988,https://www.thrashermagazine.com//images/image/Covers Section/images/June1988.jpg
May,1988,https://www.thrashermagazine.com//images/image/Covers Section/images/May1988.jpg
April,1988,https://www.thrashermagazine.com//images/image/Covers Section/images/April1988.jpg
March,1988,https://www.thrashermagazine.com//images/image/Covers Section/images/March1988.jpg
February,1988,https://www.thrashermagazine.com//images/image/Covers Section/images/February1988.jpg
January,1988,https://www.thrashermagazine.com//images/image/Covers Section/images/January1988.jpg
December,1987,https://www.thrashermagazine.com//images/image/Covers Section/images/December1987.jpg
November,1987,https://www.thrashermagazine.com//images/image/Covers Section/images/November1987.jpg
October,1987,https://www.thrashermagazine.com//images/image/Covers Section/images/October1987.jpg
September,1987,https://www.thrashermagazine.com//images/image/Covers Section/images/September1987.jpg
August,1987,https://www.thrashermagazine.com//images/image/Covers Section/images/August1987.jpg
July,1987,https://www.thrashermagazine.com//images/image/Covers Section/images/July1987.jpg
June,1987,https://www.thrashermagazine.com//images/image/Covers Section/images/June1987.jpg
May,1987,https://www.thrashermagazine.com//images/image/Covers Section/images/May1987.jpg
April,1987,https://www.thrashermagazine.com//images/image/Covers Section/images/April1987.jpg
March,1987,https://www.thrashermagazine.com//images/image/Covers Section/images/March1987.jpg
February,1987,https://www.thrashermagazine.com//images/image/Covers Section/images/February1987.jpg
January,1987,https://www.thrashermagazine.com//images/image/Covers Section/images/January1987.jpg
December,1986,https://www.thrashermagazine.com//images/image/Covers Section/images/December1986.jpg
October,1986,https://www.thrashermagazine.com//images/image/Covers Section/images/OctoberNovember1986.jpg
September,1986,https://www.thrashermagazine.com//images/image/Covers Section/images/September1986.jpg
August,1986,https://www.thrashermagazine.com//images/image/Covers Section/images/August1986.jpg
July,1986,https://www.thrashermagazine.com//images/image/Covers Section/images/July1986.jpg
June,1986,https://www.thrashermagazine.com//images/image/Covers Section/images/June1986.jpg
May,1986,https://www.thrashermagazine.com//images/image/Covers Section/images/May1986.jpg
April,1986,https://www.thrashermagazine.com//images/image/Covers Section/images/April1986.jpg
March,1986,https://www.thrashermagazine.com//images/image/Covers Section/images/March1986.jpg
February,1986,https://www.thrashermagazine.com//images/image/Covers Section/images/February1986.jpg
January,1986,https://www.thrashermagazine.com//images/image/Covers Section/images/January1986.jpg
December,1985,https://www.thrashermagazine.com//images/image/Covers Section/images/December1985.jpg
November,1985,https://www.thrashermagazine.com//images/image/Covers Section/images/November1985.jpg
October,1985,https://www.thrashermagazine.com//images/image/Covers Section/images/October1985.jpg
September,1985,https://www.thrashermagazine.com//images/image/Covers Section/images/September1985.jpg
August,1985,https://www.thrashermagazine.com//images/image/Covers Section/images/August1985.jpg
July,1985,https://www.thrashermagazine.com//images/image/Covers Section/images/July1985.jpg
June,1985,https://www.thrashermagazine.com//images/image/Covers Section/images/June1985.jpg
May,1985,https://www.thrashermagazine.com//images/image/Covers Section/images/May1985.jpg
April,1985,https://www.thrashermagazine.com//images/image/Covers Section/images/April1985.jpg
March,1985,https://www.thrashermagazine.com//images/image/Covers Section/images/March1985.jpg
February,1985,https://www.thrashermagazine.com//images/image/Covers Section/images/February1985.jpg
January,1985,https://www.thrashermagazine.com//images/image/Covers Section/images/January1985.jpg
December,1984,https://www.thrashermagazine.com//images/image/Covers Section/images/December1984.jpg
November,1984,https://www.thrashermagazine.com//images/image/Covers Section/images/November1984.jpg
October,1984,https://www.thrashermagazine.com//images/image/Covers Section/images/October1984.jpg
September,1984,https://www.thrashermagazine.com//images/image/Covers Section/images/September1984.jpg
August,1984,https://www.thrashermagazine.com//images/image/Covers Section/images/August1984.jpg
July,1984,https://www.thrashermagazine.com//images/image/Covers Section/images/July1984.jpg
June,1984,https://www.thrashermagazine.com//images/image/Covers Section/images/June1984.jpg
May,1984,https://www.thrashermagazine.com//images/image/Covers Section/images/May1984.jpg
April,1984,https://www.thrashermagazine.com//images/image/Covers Section/images/April1984.jpg
March,1984,https://www.thrashermagazine.com//images/image/Covers Section/images/March1984.jpg
February,1984,https://www.thrashermagazine.com//images/image/Covers Section/images/February1984.jpg
January,1984,https://www.thrashermagazine.com//images/image/Covers Section/images/January1984.jpg
December,1983,https://www.thrashermagazine.com//images/image/Covers Section/images/December1983.jpg
November,1983,https://www.thrashermagazine.com//images/image/Covers Section/images/November1983.jpg
October,1983,https://www.thrashermagazine.com//images/image/Covers Section/images/October1983.jpg
September,1983,https://www.thrashermagazine.com//images/image/Covers Section/images/September1983.jpg
August,1983,https://www.thrashermagazine.com//images/image/Covers Section/images/August1983.jpg
July,1983,https://www.thrashermagazine.com//images/image/Covers Section/images/July1983.jpg
June,1983,https://www.thrashermagazine.com//images/image/Covers Section/images/June1983.jpg
May,1983,https://www.thrashermagazine.com//images/image/Covers Section/images/May1983.jpg
April,1983,https://www.thrashermagazine.com//images/image/Covers Section/images/April1983.jpg
March,1983,https://www.thrashermagazine.com//images/image/Covers Section/images/March1983.jpg
February,1983,https://www.thrashermagazine.com//images/image/Covers Section/images/February1983.jpg
January,1983,https://www.thrashermagazine.com//images/image/Covers Section/images/January1983.jpg
December,1982,https://www.thrashermagazine.com//images/image/Covers Section/images/December1982.jpg
November,1982,https://www.thrashermagazine.com//images/image/Covers Section/images/November1982.jpg
October,1982,https://www.thrashermagazine.com//images/image/Covers Section/images/October1982.jpg
September,1982,https://www.thrashermagazine.com//images/image/Covers Section/images/September1982.jpg
August,1982,https://www.thrashermagazine.com//images/image/Covers Section/images/August1982.jpg
July,1982,https://www.thrashermagazine.com//images/image/Covers Section/images/July1982.jpg
May,1982,https://www.thrashermagazine.com//images/image/Covers Section/images/MayJune1982.jpg
April,1982,https://www.thrashermagazine.com//images/image/Covers Section/images/April1982.jpg
March,1982,https://www.thrashermagazine.com//images/image/Covers Section/images/March1982.jpg
February,1982,https://www.thrashermagazine.com//images/image/Covers Section/images/February1982.jpg
January,1982,https://www.thrashermagazine.com//images/image/Covers Section/images/January1982.jpg
December,1981,https://www.thrashermagazine.com//images/image/Covers Section/images/December1981.jpg
November,1981,https://www.thrashermagazine.com//images/image/Covers Section/images/November1981.jpg
October,1981,https://www.thrashermagazine.com//images/image/Covers Section/images/October1981.jpg
September,1981,https://www.thrashermagazine.com//images/image/Covers Section/images/September1981.jpg
August,1981,https://www.thrashermagazine.com//images/image/Covers Section/images/August1981.jpg
July,1981,https://www.thrashermagazine.com//images/image/Covers Section/images/July1981.jpg
June,1981,https://www.thrashermagazine.com//images/image/Covers Section/images/June1981.jpg
May,1981,https://www.thrashermagazine.com//images/image/Covers Section/images/May1981.jpg
April,1981,https://www.thrashermagazine.com//images/image/Covers Section/images/April1981.jpg
March,1981,https://www.thrashermagazine.com//images/image/Covers Section/images/March1981.jpg
February,1981,https://www.thrashermagazine.com//images/image/Covers Section/images/February1981.jpg
January,1981,https://www.thrashermagazine.com//images/image/Covers Section/images/January1981.jpg
